cardId,name,series,aliases,imageUrl,imageSource,imageReviewStatus
"HXR3TV","Kurena Kukumila","86 EIGHTY-SIX","","https://cdn.donmai.us/sample/73/a7/sample-73a7b8498aebe0af945e121824181401.jpg","danbooru",""
"ALCLK7","Shinei Nouzen","86 EIGHTY-SIX","","https://cdn.donmai.us/sample/53/27/sample-53271bed677a052ca9ad37b5fca39d3e.jpg","danbooru",""
"FKUMR5","Vladilena Milizé","86 EIGHTY-SIX","","https://s4.anilist.co/file/anilistcdn/character/large/b141061-jqIhB9jmClQ3.png","",""
"EXKQJ4","Naoka Ueno","A Silent Voice","","https://cdn.donmai.us/sample/10/74/sample-107495a226881f5eb012aa77a9599312.jpg","danbooru",""
"W7CFVR","Shouko Nishimiya","A Silent Voice","","https://cdn.donmai.us/sample/24/54/sample-24549f69b4984a805f2b04cd0b6b4d86.jpg","danbooru",""
"4SB6P4","Shouya Ishida","A Silent Voice","","https://cdn.donmai.us/sample/d8/6b/sample-d86b3af8153b061560416bd6c2498db7.jpg","danbooru",""
"2HMN9A","Akame","Akame ga Kill!","","https://cdn.donmai.us/sample/f5/b8/sample-f5b8ed08cc1bd27f81fb21b8ebcb8b6e.jpg","danbooru",""
"HS6CG8","Esdeath","Akame ga Kill!","","https://cdn.donmai.us/sample/90/00/sample-9000e75c2771138d53e1077a69674a5f.jpg","danbooru",""
"LBL22N","Mine","Akame ga Kill!","","https://cdn.donmai.us/sample/80/a9/sample-80a9183052f09f4858e1ef360e443851.jpg","danbooru",""
"GXQ9B2","Kanade Tachibana","Angel Beats!","","https://cdn.donmai.us/sample/d8/a7/sample-d8a7e9cf0884cfead130028b1f39fc4c.jpg","danbooru",""
"5AF5DQ","Yui","Angel Beats!","Yui Yoshioka","https://cdn.donmai.us/sample/57/11/sample-5711d336180ae05a0b61ff2b7baa63a6.jpg","danbooru",""
"V8GGKN","Yuri Nakamura","Angel Beats!","","https://cdn.donmai.us/sample/ce/a2/sample-cea2798269cca30d9aa4b3219139f967.jpg","danbooru",""
"H532C7","Jinta Yadomi","Anohana: The Flower We Saw That Day","","https://cdn.donmai.us/sample/22/8e/sample-228e668cb2ef1096324b030a7a5cb0d4.jpg","danbooru",""
"38KVPW","Meiko Honma","Anohana: The Flower We Saw That Day","","https://cdn.donmai.us/sample/4d/07/sample-4d07615c5dda42e3d8de61a1b4de9817.jpg","danbooru",""
"HDJNGV","Naruko Anjou","Anohana: The Flower We Saw That Day","","https://cdn.donmai.us/original/13/56/135607f9c5cd26f6e6b0ab9f4de3447a.png","danbooru",""
"7VK8Y9","Izumi Akazawa","Another","","https://cdn.donmai.us/sample/92/46/sample-9246515693b7a52353f6db6042ab6f8e.jpg","danbooru",""
"8MFF4K","Kouichi Sakakibara","Another","","https://cdn.donmai.us/sample/be/57/sample-be57bb94714bd9d2fcdaeaee14922285.jpg","danbooru",""
"7VUY4Q","Mei Misaki","Another","","https://cdn.donmai.us/sample/59/4a/sample-594a8dd9324a70ad04495ed486094fe0.jpg","danbooru",""
"QO9I57","Karma Akabane","Assassination Classroom","Knight","https://cdn.donmai.us/sample/ab/b1/sample-abb1cd6495a4eb461e5172f0b7d5d819.jpg","danbooru",""
"YB6FGB","Koro-sensei","Assassination Classroom","","https://s4.anilist.co/file/anilistcdn/character/large/b65643-jimrOw0RGtoB.png","",""
"NDWALA","Nagisa Shiota","Assassination Classroom","","https://cdn.donmai.us/sample/07/48/sample-0748f86f2bf2727143718d3100f3d12a.jpg","danbooru",""
"3XKPYZ","Eren Yeager","Attack on Titan","Eren","https://cdn.donmai.us/sample/a6/fd/sample-a6fdacccf09af7894527d421901957fd.jpg","danbooru",""
"9FR8JN","Levi Ackerman","Attack on Titan","Levi","https://cdn.donmai.us/sample/be/d2/sample-bed208f6dc3c2909ccbea86b7c53e10f.jpg","danbooru",""
"18X66U","Mikasa Ackerman","Attack on Titan","Mikasa","https://cdn.donmai.us/sample/25/02/sample-2502b15f6ac852b07571a1ed79b76ad6.jpg","danbooru",""
"MEDT9F","Ash Lynx","BANANA FISH","","https://cdn.donmai.us/sample/19/81/sample-19814428ca3304acbc6b4cde263667f8.jpg","danbooru",""
"YCSCCF","Eiji Okumura","BANANA FISH","","https://cdn.donmai.us/sample/33/de/sample-33de840cceae6bb14d555baa8b99496c.jpg","danbooru",""
"ZBC5Q2","Shorter Wong","BANANA FISH","","https://cdn.donmai.us/sample/0e/f3/sample-0ef341d20f279fbbfb25a4c83891c3ba.jpg","danbooru",""
"WF5YGD","Seishiro Nagi","BLUE LOCK","Seishirou Nagi","https://s4.anilist.co/file/anilistcdn/character/large/b162969-WGnGyVQrFi0X.png","anilist",""
"NP7V2U","Yoichi Isagi","BLUE LOCK","","https://cdn.donmai.us/sample/77/9d/sample-779d8030471b64e529fef02db73d6bf2.jpg","danbooru",""
"UR3R4X","Hitagi Senjougahara","Bakemonogatari","","https://cdn.donmai.us/sample/35/29/sample-352942ac167201d982b80824fa927448.jpg","danbooru",""
"LYNFXF","Koyomi Araragi","Bakemonogatari","","https://cdn.donmai.us/sample/61/c0/sample-61c0130f3b9b6604d4bcd524fabac9bd.jpg","danbooru",""
"M8ECL7","Shinobu Oshino","Bakemonogatari","","https://cdn.donmai.us/sample/87/3d/sample-873d97aeddd455be9e45cae593e12267.jpg","danbooru",""
"4KJAC5","Asta","Black Clover","","https://cdn.donmai.us/sample/b1/11/sample-b1110666da3941891dc1bf1a9fc0927b.jpg","danbooru",""
"4S6FLZ","Noelle Silva","Black Clover","","https://cdn.donmai.us/sample/67/c6/sample-67c647c3dcff13672ed8de3946f1cbe3.jpg","danbooru",""
"Z8AGKU","Yami Sukehiro","Black Clover","","https://cdn.donmai.us/sample/1e/15/sample-1e15633888e0ae2f5f96004b35be6507.jpg","danbooru",""
"ZYYNPA","Ichigo Kurosaki","Bleach","","https://cdn.donmai.us/sample/90/09/sample-9009e6eb38479e67366005e124c00dba.jpg","danbooru",""
"DY4E8T","Kisuke Urahara","Bleach","","https://cdn.donmai.us/sample/c8/45/sample-c84560bb00883026eb0b7897c0671e25.jpg","danbooru",""
"Q29P83","Rukia Kuchiki","Bleach","","https://cdn.donmai.us/sample/38/d9/sample-38d91885cb6b8f153794ceb36eae51d8.jpg","danbooru",""
"9H9UED","Mephisto Pheles","Blue Exorcist","","https://cdn.donmai.us/sample/8b/c3/sample-8bc345c57144b92547191f09d99515f8.jpg","danbooru",""
"7CVF6X","Rin Okumura","Blue Exorcist","","https://cdn.donmai.us/sample/d7/4f/sample-d74f5b3c5f52e0cd8cbafdc73c5a2b1b.jpg","danbooru",""
"P6NBKX","Shura Kirigakure","Blue Exorcist","","https://img4.gelbooru.com/images/8e/5f/8e5fc965eab8a30ae36656701c402ac4.jpg","gelbooru",""
"TUDLQA","Meguru Bachira","Blue Lock","","https://cdn.donmai.us/sample/b6/db/sample-b6dba1c8ff40f7f13d37f6f0c33d16c3.jpg","danbooru",""
"QHGMKP","Chuuya Nakahara","Bungo Stray Dogs","","https://cdn.donmai.us/sample/3e/8f/sample-3e8ff40f96746117ae023749b9b93943.jpg","danbooru",""
"HEG3R6","Osamu Dazai","Bungo Stray Dogs","","https://cdn.donmai.us/sample/40/7c/sample-407ccceda6eeb602eb30ce4defeaceff.jpg","danbooru",""
"ZF2UBD","Ranpo Edogawa","Bungo Stray Dogs","","https://cdn.donmai.us/sample/e8/6a/sample-e86ab0443d0030739456d9ba30b92e7c.jpg","danbooru",""
"30RNBO","Aki Hayakawa","Chainsaw Man","Ayaka","https://cdn.donmai.us/original/69/b0/69b072142cfbcad5d6e95973f3ac9447.jpg","danbooru",""
"WYQJKB","Denji","Chainsaw Man","","https://cdn.donmai.us/sample/98/27/sample-9827d81bda1ea4a16a18f8e066a14893.jpg","danbooru",""
"29428J","Makima","Chainsaw Man","","https://cdn.donmai.us/sample/76/a6/sample-76a61c7a5878a9b930455778101248c6.jpg","danbooru",""
"H99U8X","Power","Chainsaw Man","","https://cdn.donmai.us/sample/56/00/sample-56008f2b85be01d38d8636c6c9626015.jpg","danbooru",""
"F85UWE","Nao Tomori","Charlotte","","https://cdn.donmai.us/sample/15/dd/sample-15dd3ec9deef474b38f65ed112badb96.jpg","danbooru",""
"BENPAR","Yuu Otosaka","Charlotte","","https://cdn.donmai.us/sample/b9/4d/sample-b94d0e6b80c50c3ef3e8cc1d52050957.jpg","danbooru",""
"FY95DC","Nagisa Furukawa","Clannad","","https://cdn.donmai.us/sample/c8/8c/sample-c88ccc00641c32bec3d52a9bf58ef18b.jpg","danbooru",""
"3TJM9M","Tomoya Okazaki","Clannad","","https://cdn.donmai.us/sample/d2/9c/sample-d29c4a0412fee9bd0e1e0939fe0d76d5.jpg","danbooru",""
"UDL4FB","Tomoyo Sakagami","Clannad","","https://cdn.donmai.us/sample/bf/3b/sample-bf3b496ef20560fde845bba9f2baf132.jpg","danbooru",""
"8D2ETN","Kei Karuizawa","Classroom of the Elite","","https://cdn.donmai.us/sample/0c/4f/sample-0c4fd9a992f3000b455c46553e4f7eb5.jpg","danbooru",""
"DCU938","Kiyotaka Ayanokouji","Classroom of the Elite","","https://cdn.donmai.us/sample/69/3b/sample-693bb701e7549dcc4c10eeb8458b6dd9.jpg","danbooru",""
"HF5USR","Suzune Horikita","Classroom of the Elite","","https://cdn.donmai.us/sample/8e/dc/sample-8edcbd42ed3866f07fc1773bdbd56c17.jpg","danbooru",""
"YGKQB8","C.C.","Code Geass: Lelouch of the Rebellion","","https://img4.gelbooru.com/images/38/58/3858190a37b184d15dd60674177609f8.jpg","gelbooru",""
"DQMDEC","Lelouch Lamperouge","Code Geass: Lelouch of the Rebellion","","https://img4.gelbooru.com/images/c0/3a/c03a2f866275c3f3960087ca655d519c.jpg","gelbooru",""
"XDTS4W","Shirley Fenette","Code Geass: Lelouch of the Rebellion","","https://cdn.donmai.us/sample/e1/1f/sample-e11fa0b11a3d861c52eb221cc3200526.jpg","danbooru",""
"7TDVWR","Edward Wong Hau Pepelu Tivrusky IV","Cowboy Bebop","","https://cdn.donmai.us/sample/e7/40/sample-e7402898b0ac1d04bf415bb809f04d48.jpg","danbooru",""
"8L48B3","Faye Valentine","Cowboy Bebop","","https://cdn.donmai.us/sample/c7/58/sample-c758f2ba79bebae020e6617b51334e02.jpg","danbooru",""
"VKWM99","Spike Spiegel","Cowboy Bebop","","https://cdn.donmai.us/sample/bf/95/sample-bf95f1bfdc825b6e271e7cb8069d5264.jpg","danbooru",""
"2PRXU5","David Martinez","Cyberpunk: Edgerunners","","https://cdn.donmai.us/sample/92/00/sample-92007ece901657debbc6a2a8b4a1aef2.jpg","danbooru",""
"QKD74Y","Lucy","Cyberpunk: Edgerunners","","https://cdn.donmai.us/original/74/90/749012e7f53422197761016801112a08.jpg","danbooru",""
"KDJKL2","Rebecca","Cyberpunk: Edgerunners","","https://cdn.donmai.us/original/b1/d5/b1d5d86230cdf1a22c3139c2d62e13b0.jpg","danbooru",""
"BPWFX8","Aira Shiratori","DAN DA DAN","","https://cdn.donmai.us/sample/3e/58/sample-3e5844997d7dee0216445abf7806553f.jpg","danbooru",""
"6MDMYT","Ken Takakura","DAN DA DAN","","https://cdn.donmai.us/sample/fa/76/sample-fa76c6a70fe643916e77daebc8606b37.jpg","danbooru",""
"SKSWL3","Momo Ayase","DAN DA DAN","","https://cdn.donmai.us/sample/73/b7/sample-73b70951c5daaf9bdea82a838050cd6f.jpg","danbooru",""
"NSKH6V","Hiro","DARLING in the FRANXX","","https://cdn.donmai.us/sample/a7/05/sample-a7054f7ae27845bf0d6d4e8b71bc85c0.jpg","danbooru",""
"V9WIYD","Ichigo","Darling in the FranXX","","https://cdn.donmai.us/sample/a6/87/sample-a687cbb062ff600618aa91c873886418.jpg","danbooru",""
"P9M401","Zero Two","Darling in the FranXX","","https://cdn.donmai.us/sample/ba/f4/sample-baf43a6835243a257dabd1e160f91809.jpg","danbooru",""
"M2T6U6","L Lawliet","Death Note","","https://s4.anilist.co/file/anilistcdn/character/large/b71-1W4panC53vfs.png","",""
"3KTKJE","Light Yagami","Death Note","","https://cdn.donmai.us/original/8d/1b/8d1b5c2fffdf217cba3372e699ef0e67.jpg","danbooru",""
"LJXXLC","Ryuk","Death Note","","https://cdn.donmai.us/sample/dc/1c/sample-dc1c2cb5adedf3299f6eaa2f0c428394.jpg","danbooru",""
"74P5ZZ","Chiyuki","Death Parade","Kurokami no Onna","https://cdn.donmai.us/sample/33/7b/sample-337b3a08e482205a9f56082f6a0f889d.jpg","danbooru",""
"FN4BCF","Decim","Death Parade","","https://cdn.donmai.us/sample/2a/00/sample-2a00a5c660729dd3471d562cd6807a18.jpg","danbooru",""
"PFOGB9","Inosuke Hashibira","Demon Slayer","Inosuke","https://cdn.donmai.us/sample/54/c6/sample-54c65e828382293162e0784a54c57e43.jpg","danbooru",""
"FNMOES","Kyojuro Rengoku","Demon Slayer","Rengoku","https://cdn.donmai.us/sample/78/dc/sample-78dc710c04478719a2eae1d149d6b3ee.jpg","danbooru",""
"PJPRGN","Nezuko Kamado","Demon Slayer","Nezuko","https://cdn.donmai.us/original/7d/b3/7db3c67a2ea93181befbd28a27998554.jpg","danbooru",""
"QRACDD","Tanjiro Kamado","Demon Slayer","Tanjiro","https://s4.anilist.co/file/anilistcdn/character/large/b126071-BTNEc1nRIv68.png","anilist",""
"FD69AS","Muzan Kibutsuji","Demon Slayer: Kimetsu no Yaiba","","https://cdn.donmai.us/sample/21/9b/sample-219b333ca9a8a02ac79e3c505af713e6.jpg","danbooru",""
"4E3DUX","Akira Fudo","Devilman Crybaby","Akira Fudou","https://s4.anilist.co/file/anilistcdn/character/large/b2456-rTjIXMLPHTu2.jpg","anilist",""
"VLJAAS","Miki Makimura","Devilman Crybaby","","https://cdn.donmai.us/sample/ea/fd/sample-eafd508d9efb133014a1944d14c367f1.jpg","danbooru",""
"MW7JL3","Ryo Asuka","Devilman Crybaby","","https://s4.anilist.co/file/anilistcdn/character/large/b4092-63yxC7cCrWke.png","",""
"YCCYL3","Dororo","Dororo","","https://cdn.donmai.us/original/1f/b7/1fb78f616d0a806b1f75c847bcb47abe.jpg","danbooru",""
"MHVBPG","Hyakkimaru","Dororo","","https://cdn.donmai.us/sample/0b/0e/sample-0b0ebdc40fc40f6285d8de8d0e3fdfd1.jpg","danbooru",""
"JGZ9V2","Gen Asagiri","Dr. STONE","","https://cdn.donmai.us/sample/ad/2a/sample-ad2a02c2f3da674406d1fcdcd99a787f.jpg","danbooru",""
"GY8XZH","Kohaku","Dr. STONE","","https://cdn.donmai.us/sample/76/c4/sample-76c4867c1225162a9d85d1196a280b63.jpg","danbooru",""
"A3QSC6","Senkuu Ishigami","Dr. STONE","","https://cdn.donmai.us/sample/90/4e/sample-904eea0529caf3e3d004d5e12a431530.jpg","danbooru",""
"VB5FTI","Frieza","Dragon Ball Z","","https://cdn.donmai.us/sample/c3/ce/sample-c3ce199a28eb4302a20991502b6f0c16.jpg","danbooru",""
"0YPRVW","Son Goku","Dragon Ball Z","Goku","https://cdn.donmai.us/sample/54/65/sample-54653c56145ec6364d376f909fb3cbf4.jpg","danbooru",""
"ZOB5XN","Vegeta","Dragon Ball Z","","https://cdn.donmai.us/sample/30/60/sample-3060c774e886af55299e964c91cda295.jpg","danbooru",""
"MQ36VS","Celty Sturluson","Durarara!!","","https://cdn.donmai.us/sample/54/bd/sample-54bdf552cfc3508b76d1cd3ce85f7b68.jpg","danbooru",""
"QRP94E","Izaya Orihara","Durarara!!","","https://cdn.donmai.us/sample/3a/5f/sample-3a5f62a386a79a3101c8ed8ef84ec2c3.jpg","danbooru",""
"NG565E","Shizuo Heiwajima","Durarara!!","","https://cdn.donmai.us/sample/27/b1/sample-27b130bc4eef91eda5d0e03e1e894123.jpg","danbooru",""
"SJE8R3","Kayo Hinazuki","ERASED","","https://cdn.donmai.us/sample/45/78/sample-45783c7dc2713b86e81fa9a5b30bc42a.jpg","danbooru",""
"BDTNTF","Kenya Kobayashi","ERASED","","https://cdn.donmai.us/original/42/90/42906863272b7022e04e399e53b3d837.png","danbooru",""
"VCE4DV","Satoru Fujinuma","ERASED","","https://cdn.donmai.us/sample/ec/37/sample-ec375d0d7734d79caa19e5689a00a2b0.jpg","danbooru",""
"E822XN","Erza Scarlet","Fairy Tail","","https://cdn.donmai.us/sample/1d/03/sample-1d03a99d008f0b5f4c60aad4a1e130ab.jpg","danbooru",""
"TAZF7F","Lucy Heartfilia","Fairy Tail","","https://cdn.donmai.us/sample/b4/11/sample-b41120f6343bb11786973e302b3eef3b.jpg","danbooru",""
"KUC35A","Natsu Dragneel","Fairy Tail","","https://cdn.donmai.us/sample/82/00/sample-8200f400a602b36ed17c66094290b0da.jpg","danbooru",""
"TDBXV2","Artoria Pendragon","Fate/stay night","","https://cdn.donmai.us/sample/d9/32/sample-d93203a7f1af8060f3b8b9da56c6d6fb.jpg","danbooru",""
"YZPRG4","Rin Tohsaka","Fate/stay night","","https://cdn.donmai.us/sample/21/a9/sample-21a96c2f66bf4af1ec1db9f92dfe1eb6.jpg","danbooru",""
"VCRL7G","Sakura Matou","Fate/stay night","","https://cdn.donmai.us/sample/a4/7f/sample-a47f2e0c6f91639df97478e6800cd1bf.jpg","danbooru",""
"SSAEJE","Benimaru Shinmon","Fire Force","","https://cdn.donmai.us/sample/0e/93/sample-0e9373f52aa96aac2f0963f012deb53c.jpg","danbooru",""
"7VCJV5","Iris","Fire Force","","https://cdn.donmai.us/sample/d9/6e/sample-d96e838a4b6073ce3193bb646b1924c5.jpg","danbooru",""
"Y3XAJJ","Shinra Kusakabe","Fire Force","","https://cdn.donmai.us/sample/22/c7/sample-22c7b2b2925c15c411dccc01a5c4c764.jpg","danbooru",""
"ZXAD5N","Alice Nakiri","Food Wars!","","https://cdn.donmai.us/sample/96/dd/sample-96dd8a1dd6b0c24450ad4b5c2d918648.jpg","danbooru",""
"FRAP7P","Erina Nakiri","Food Wars!","","https://cdn.donmai.us/sample/66/2c/sample-662c5217556fa41469a45fea1eeef214.jpg","danbooru",""
"LC7SME","Souma Yukihira","Food Wars!","","https://cdn.donmai.us/sample/ec/63/sample-ec633f1a55200ccc4390fe97e52efdb7.jpg","danbooru",""
"D24344","Fern","Frieren: Beyond Journey’s End","","https://cdn.donmai.us/sample/21/9b/sample-219b358c7365642d31ab65df669c4bb9.jpg","danbooru",""
"6PPX26","Frieren","Frieren: Beyond Journey’s End","","https://cdn.donmai.us/sample/01/9d/sample-019dc3820d1d579bfa1858aad712f747.jpg","danbooru",""
"LFYWZA","Stark","Frieren: Beyond Journey’s End","","https://cdn.donmai.us/sample/fd/df/sample-fddfab7c67527df2e585007a9184543d.jpg","danbooru",""
"4QR8LR","Kyo Sohma","Fruits Basket (2019)","Kyou Souma","https://s4.anilist.co/file/anilistcdn/character/large/b209-NOAbiLvJt1QA.png","anilist",""
"ZCU4HW","Tohru Honda","Fruits Basket (2019)","Tooru Honda","https://cdn.donmai.us/sample/04/81/sample-0481c7d75c18c4204737c32f46506762.jpg","danbooru",""
"2QLV5N","Yuki Sohma","Fruits Basket (2019)","Yuki Souma","https://cdn.donmai.us/sample/c5/69/sample-c569503972ac9159423e2b9b47806a64.jpg","danbooru",""
"FLTU3X","Alphonse Elric","Fullmetal Alchemist: Brotherhood","","https://cdn.donmai.us/sample/2d/34/sample-2d3446c03c58246b14c1cf4161d0ade6.jpg","danbooru",""
"UJ7U8Q","Edward Elric","Fullmetal Alchemist: Brotherhood","","https://cdn.donmai.us/sample/4f/a7/sample-4fa7d1cd00400c8d3be105050b02b965.jpg","danbooru",""
"MLUYD7","Roy Mustang","Fullmetal Alchemist: Brotherhood","","https://cdn.donmai.us/sample/ce/7d/sample-ce7dee46e99f0ea99a17ad3533b2266f.jpg","danbooru",""
"G2ZVAE","Aru Akise","Future Diary","","https://cdn.donmai.us/original/68/8c/688c59c22bc243ae630a932a2d87d1a9.png","danbooru",""
"M5KVLL","Minene Uryuu","Future Diary","","https://cdn.donmai.us/original/31/07/31071ff2c4ba43edaeaae807cbba62b3.jpg","danbooru",""
"3R47Y8","Yuno Gasai","Future Diary","","https://cdn.donmai.us/sample/44/8b/sample-448b8d70344616050270cb08665a6652.jpg","danbooru",""
"E5FSXT","Cow Girl","GOBLIN SLAYER","Ushikai Musume","https://cdn.donmai.us/sample/35/4b/sample-354b8929a7b7c87510ce88d52fb53e55.jpg","danbooru",""
"7ZHXH1","Ganyu","Genshin Impact","","https://cdn.donmai.us/sample/45/df/sample-45df80c37bbcfe7976310bbb09089abf.jpg","danbooru",""
"YXIFS4","Hu Tao","Genshin Impact","","https://cdn.donmai.us/sample/d9/c1/sample-d9c1dbeb8384af060cfe155d49d64c41.jpg","danbooru",""
"S2ISBA","Venti","Genshin Impact","","https://cdn.donmai.us/sample/60/02/sample-6002150f14e21ea32192b27193b1b21f.jpg","danbooru",""
"G4SNB7","Gintoki Sakata","Gintama","","https://cdn.donmai.us/sample/e2/74/sample-e2744b15d7a1b75bb8efb7a051927d75.jpg","danbooru",""
"DLSVJV","Kagura","Gintama","","https://cdn.donmai.us/sample/d7/d6/sample-d7d6f93b38b70978e7ffb8f31ff98a15.jpg","danbooru",""
"MTC63N","Kotaro Katsura","Gintama","Kotarou Katsura","https://img4.gelbooru.com/images/80/4a/804add322a61a3b087ffeda634683063.jpeg","gelbooru",""
"ALV6A6","Goblin Slayer","Goblin Slayer","Goblin","https://cdn.donmai.us/sample/e3/53/sample-e353cff7e904de9b67efecdd38ee6b3d.jpg","danbooru",""
"SR527U","Kamina","Gurren Lagann","","https://cdn.donmai.us/sample/19/48/sample-1948992dd900df080f3b58926371e9c0.jpg","danbooru",""
"RH9QBS","Simon","Gurren Lagann","","https://cdn.donmai.us/sample/fc/ee/sample-fcee36db7760a466d8ee56d71ce82b56.jpg","danbooru",""
"T65L7D","Yoko Littner","Gurren Lagann","Youko Littner","https://cdn.donmai.us/sample/15/dd/sample-15ddce9dac089388620069be7979f5d9.jpg","danbooru",""
"KTLP9J","Shouyou Hinata","Haikyu!!","","https://cdn.donmai.us/sample/7b/f3/sample-7bf38f7ba474dad2f69ef5f67ff7a96e.jpg","danbooru",""
"T7SGAN","Tobio Kageyama","Haikyu!!","","https://cdn.donmai.us/sample/ea/bc/sample-eabc6fc9d2e513fd2291a07df28e1300.jpg","danbooru",""
"WV62KM","Yuu Nishinoya","Haikyu!!","","https://cdn.donmai.us/sample/e3/11/sample-e31157220204fd94dc23c6296de5b12e.jpg","danbooru",""
"TAQBP4","Gabimaru","Hell’s Paradise","","https://cdn.donmai.us/sample/c1/06/sample-c1069fc3ce10acd266e3f6e9021d4999.jpg","danbooru",""
"T4U7HM","Yamada Asaemon Sagiri","Hell’s Paradise","Sagiri","https://cdn.donmai.us/sample/40/fd/sample-40fd7bbbc4659b6c650c4981621de0bd.jpg","danbooru",""
"P2D2TT","Yuzuriha","Hell’s Paradise","","https://cdn.donmai.us/sample/37/eb/sample-37eb9750aecde317185d95c61528888b.jpg","danbooru",""
"CVRC9K","Akeno Himejima","High School DxD","","https://cdn.donmai.us/sample/e1/9c/sample-e19c19e9fb3469f22f828ff9411ba024.jpg","danbooru",""
"PAU7MR","Koneko Toujou","High School DxD","","https://cdn.donmai.us/sample/b6/78/sample-b678ef782a54543c48d25e3e5e066194.jpg","danbooru",""
"8FHCCJ","Rias Gremory","High School DxD","","https://cdn.donmai.us/sample/ac/b9/sample-acb9fca3ee3db4a7322687624207c00f.jpg","danbooru",""
"Q4KVY0","Gawr Gura","Hololive EN","","https://cdn.donmai.us/sample/90/da/sample-90da1bb655327bb34af4d55a408b9923.jpg","danbooru",""
"25OQOT","Mori Calliope","Hololive EN","","https://cdn.donmai.us/sample/90/da/sample-90da1bb655327bb34af4d55a408b9923.jpg","danbooru",""
"AUZ05A","Ninomae Ina'nis","Hololive EN","Ninomae Inanis","https://s4.anilist.co/file/anilistcdn/character/large/b206019-DJ9tFFCDaEVt.png","anilist",""
"JDKL87","Izumi Miyamura","Horimiya","","https://cdn.donmai.us/original/26/5b/265bd758795a91c8754b8abdf74b9973.jpg","danbooru",""
"P4DHTD","Kyouko Hori","Horimiya","","https://cdn.donmai.us/original/6a/a8/6aa870c11d0a238615269ad7299ae7ea.jpg","danbooru",""
"K2E68F","Yuki Yoshikawa","Horimiya","","https://cdn.donmai.us/original/3c/c9/3cc99093d980b44a8c06f7c58cbb5798.jpg","danbooru",""
"3B3AD7","Howl Pendragon","Howl's Moving Castle","Howl","https://cdn.donmai.us/sample/65/ba/sample-65ba672df10b6b8f29f43cc4c6d63bcd.jpg","danbooru",""
"A4XNWS","Calcifer","Howl‘s Moving Castle","","https://cdn.donmai.us/sample/79/10/sample-791030a05488678fd826a1f4b84c0501.jpg","danbooru",""
"FBPMQE","Sophie Hatter","Howl‘s Moving Castle","","https://cdn.donmai.us/sample/fe/ce/sample-fece72c9cbe5211747d2cccbfa7b58ba.jpg","danbooru",""
"7UE2VM","Gon Freecss","Hunter x Hunter (2011)","","https://cdn.donmai.us/sample/bc/c3/sample-bcc3f3123b972ebee03cd9d6b9ca3f71.jpg","danbooru",""
"5TCU4D","Killua Zoldyck","Hunter x Hunter (2011)","","https://cdn.donmai.us/sample/6f/e6/sample-6fe6a1f61f4ef2627e8139f782795304.jpg","danbooru",""
"GD78Q4","Kurapika","Hunter x Hunter (2011)","","https://cdn.donmai.us/sample/dd/17/sample-dd17d687d5269cc40119e418a63b7e48.jpg","danbooru",""
"KK5XPN","Eru Chitanda","Hyouka","","https://cdn.donmai.us/original/c8/8f/c88f7421401176fabe358684e9765caa.jpg","danbooru",""
"CCVX6F","Houtarou Oreki","Hyouka","","https://cdn.donmai.us/original/28/7f/287f5e5b5fddcc13988f5f5f9906aa11.jpg","danbooru",""
"HQQJZV","Mayaka Ibara","Hyouka","","https://cdn.donmai.us/sample/54/6e/sample-546e2502db5516d34164f06b2d579e45.jpg","danbooru",""
"4M2VQA","Haruki Shiga","I Want to Eat Your Pancreas","","https://cdn.donmai.us/sample/25/9b/sample-259b107babb4bfc01b287a04cd8589a5.jpg","danbooru",""
"UJTUKL","Issei Miyata","I Want to Eat Your Pancreas","","https://s4.anilist.co/file/anilistcdn/character/large/b133276-4KX7vtZ6oQfN.png","",""
"5DU9Q2","Sakura Yamauchi","I Want to Eat Your Pancreas","","https://cdn.donmai.us/original/14/0c/140ce0fa263185e0ee7623f71bb7a601.png","danbooru",""
"KDEYMM","Inuyasha","InuYasha","","https://cdn.donmai.us/sample/53/80/sample-53800ccc3dfa98afc1e9f8ea2d19de92.jpg","danbooru",""
"5NUDRE","Ais Wallenstein","Is It Wrong to Try to Pick Up Girls in a Dungeon?","","https://s4.anilist.co/file/anilistcdn/character/large/b87655-50i1Y554Vs3z.png","",""
"XM6URN","Bell Cranel","Is It Wrong to Try to Pick Up Girls in a Dungeon?","","https://cdn.donmai.us/sample/39/a0/sample-39a0b4085fd66471a6bc8cea6a0e1e74.jpg","danbooru",""
"XFXYPB","Hestia","Is It Wrong to Try to Pick Up Girls in a Dungeon?","","https://cdn.donmai.us/sample/47/9e/sample-479e80e4a415a561ebbf801dc64f7718.jpg","danbooru",""
"NNLRJK","Dio Brando","JoJo's Bizarre Adventure","","https://cdn.donmai.us/original/2f/8b/2f8b2f07059b629162154aff94b21a25.jpg","danbooru",""
"6SBZXE","Joseph Joestar","JoJo's Bizarre Adventure","","https://cdn.donmai.us/sample/6c/79/sample-6c7914de8a0b7ac6f9813b3d3468114a.jpg","danbooru",""
"F92NS6","Jotaro Kujo","JoJo's Bizarre Adventure","Joutarou Kuujou","https://cdn.donmai.us/sample/77/d5/sample-77d516227fe1ae86503056506f8b5d2c.jpg","danbooru",""
"DFXJZ3","Kento Nanami","Jujutsu Kaisen","","https://cdn.donmai.us/sample/f0/7e/sample-f07e27f616480201b7731ec7d3286584.jpg","danbooru",""
"E538FU","Maki Zenin","Jujutsu Kaisen","","https://s4.anilist.co/file/anilistcdn/character/large/b134167-5TCytk45YByD.png","anilist",""
"WP4ITG","Megumi Fushiguro","Jujutsu Kaisen","Megumi","https://cdn.donmai.us/sample/4a/94/sample-4a94f6931e5f6ded27c60375f883ebd8.jpg","danbooru",""
"GCD4GW","Nobara Kugisaki","Jujutsu Kaisen","Nobara","https://cdn.donmai.us/sample/7e/d3/sample-7ed3913aa6803c15d3fde6d7c0df7e55.jpg","danbooru",""
"PAZNXG","Satoru Gojo","Jujutsu Kaisen","Gojo Satoru","https://cdn.donmai.us/sample/ab/68/sample-ab68ebc0b6a89cddcce85c92750b516f.jpg","danbooru",""
"ZLEU6K","Yuuji Itadori","Jujutsu Kaisen","","https://img4.gelbooru.com/images/11/f8/11f857dc97c3c59fd02856e3ac69014b.jpg","gelbooru",""
"TJRYY4","Kazuma Satou","KONOSUBA -God's blessing on this wonderful world!","","https://cdn.donmai.us/sample/77/cb/sample-77cb754fbae73d883be51f2433038251.jpg","danbooru",""
"0VEJ1D","Chika Fujiwara","Kaguya-sama","","https://cdn.donmai.us/sample/9f/76/sample-9f76748802ca562685d26c2b4d7b606c.jpg","danbooru",""
"AQNJ5X","Kaguya Shinomiya","Kaguya-sama","","https://cdn.donmai.us/sample/ef/55/sample-ef55f0f82dccb075489604f25ecdea22.jpg","danbooru",""
"L42N84","Miko Iino","Kaguya-sama: Love is War","","https://cdn.donmai.us/sample/d8/75/sample-d875f98fb36fa0aa5975593ab756b867.jpg","danbooru",""
"SB84YU","Mary Saotome","Kakegurui","","https://cdn.donmai.us/sample/52/47/sample-5247198cd0f2a17e73e7b706532102bb.jpg","danbooru",""
"TQ7ABQ","Midari Ikishima","Kakegurui","","https://cdn.donmai.us/sample/57/9f/sample-579f6e8e0b72e96fbb290173e2899c0a.jpg","danbooru",""
"2WZBVW","Yumeko Jabami","Kakegurui","","https://cdn.donmai.us/sample/3c/27/sample-3c27609dc15cf0586abb5bd53142866c.jpg","danbooru",""
"UXDNVD","Mako Mankanshoku","Kill la Kill","","https://cdn.donmai.us/sample/db/84/sample-db841c7d824df84e406bb47f37bf7ac6.jpg","danbooru",""
"VN4229","Ryuuko Matoi","Kill la Kill","","https://cdn.donmai.us/sample/03/1d/sample-031d947e42a900f6cfca934f9ff8116a.jpg","danbooru",""
"JYYZ5K","Satsuki Kiryuuin","Kill la Kill","","https://cdn.donmai.us/sample/7d/6c/sample-7d6c871a4dee33ea0839a6fd7ff67706.jpg","danbooru",""
"Q9VXDX","Hitohito Tadano","Komi Can’t Communicate","","https://cdn.donmai.us/sample/a2/a3/sample-a2a33c235e79c7b5391abc9b186c79e1.jpg","danbooru",""
"4AJ2CB","Shouko Komi","Komi Can’t Communicate","","https://cdn.donmai.us/sample/20/8c/sample-208c2ffb537d3b8bcb5a421763b53623.jpg","danbooru",""
"GJQAIO","Aqua","KonoSuba","","https://cdn.donmai.us/sample/61/46/sample-6146c95307e36ffb189e1dfea83fef53.jpg","danbooru",""
"1UAKOJ","Darkness","KonoSuba","","https://cdn.donmai.us/original/9d/2f/9d2f45141285d9b1c3c094724c664873.png","danbooru",""
"BZOL31","Megumin","KonoSuba","","https://cdn.donmai.us/original/26/7d/267d8603990b1b3d81a80f316306d56d.webp","danbooru",""
"T5W4HJ","Rikka Takanashi","Love, Chunibyo & Other Delusions","","https://cdn.donmai.us/sample/2c/24/sample-2c24e0808dfc44d3e9abc5a9dfca39ee.jpg","danbooru",""
"KYQBWW","Yuuta Togashi","Love, Chunibyo & Other Delusions","","https://cdn.donmai.us/sample/6d/96/sample-6d96bc9f9b611cbdb48d386765b9c86e.jpg","danbooru",""
"VU5UWS","Bondrewd","Made in Abyss","","https://cdn.donmai.us/sample/a4/31/sample-a4311ec9a5404e8e3553a8fb4680d587.jpg","danbooru",""
"LPNF4K","Nanachi","Made in Abyss","","https://cdn.donmai.us/sample/63/d2/sample-63d29ede03b315ff8bc5ded85a92a48f.jpg","danbooru",""
"LRWGZ8","Reg","Made in Abyss","","https://cdn.donmai.us/original/61/72/6172e457d3bfc6b7c4eb72a6bce81e2e.jpg","danbooru",""
"52EEUH","Takumi Usui","Maid-Sama!","","https://cdn.donmai.us/sample/08/92/sample-0892e879207671f443188a1c44c36db7.jpg","danbooru",""
"4W3MRE","Kanna Kamui","Miss Kobayashi's Dragon Maid","","https://cdn.donmai.us/sample/25/8c/sample-258cccea74ed788fd80e68f4a517442c.jpg","danbooru",""
"LEP672","Kobayashi","Miss Kobayashi's Dragon Maid","","https://cdn.donmai.us/original/62/80/6280cf018e06d5352ae8296616872297.jpg","danbooru",""
"5XHAZK","Tohru","Miss Kobayashi's Dragon Maid","","https://cdn.donmai.us/original/a8/bd/a8bd118da81524d83a68feb7ee50bb9e.png","danbooru",""
"5K4NXY","Arataka Reigen","Mob Psycho 100","","https://cdn.donmai.us/original/f6/5a/f65a9b617aa186c26b2d78033d9af8ca.jpg","danbooru",""
"DP96AU","Ekubo","Mob Psycho 100","","https://cdn.donmai.us/original/bb/14/bb14ac1f3796235c1f16bb1619aa2999.jpg","danbooru",""
"C9L766","Shigeo Kageyama","Mob Psycho 100","","https://cdn.donmai.us/sample/7e/82/sample-7e825dc2eea2fcc8c276c77bcb8fc5be.jpg","danbooru",""
"ZGXA4Q","Johan Liebert","Monster","","https://cdn.donmai.us/original/9b/19/9b19b0f286079a5fa8d6664feecf2edd.jpg","danbooru",""
"2ENYA5","Kenzou Tenma","Monster","","https://cdn.donmai.us/sample/d3/58/sample-d3588323259f0ed58dc2cb15f74f94e1.jpg","danbooru",""
"5PDCAQ","Wolfgang Grimmer","Monster","","https://cdn.donmai.us/sample/48/13/sample-48135ee4abc5698417e1a9c754799adb.jpg","danbooru",""
"YH3BRZ","Eris Boreas Greyrat","Mushoku Tensei: Jobless Reincarnation","","https://s4.anilist.co/file/anilistcdn/character/large/b88349-5dsNUah3oBj8.png","",""
"73DFTW","Roxy Migurdia","Mushoku Tensei: Jobless Reincarnation","","https://cdn.donmai.us/sample/f1/54/sample-f15411d3cbbe48d0c9d9614b16ba2a1b.jpg","danbooru",""
"MQHPTB","Rudeus Greyrat","Mushoku Tensei: Jobless Reincarnation","","https://cdn.donmai.us/sample/6e/52/sample-6e528e3b16f9df4203558fae397f5d19.jpg","danbooru",""
"YVFY09","Marin Kitagawa","My Dress-Up Darling","","https://cdn.donmai.us/sample/55/7b/sample-557b463dcbba7b2e34570815c29fc321.jpg","danbooru",""
"5Y8N3B","Wakana Gojou","My Dress-Up Darling","","https://cdn.donmai.us/sample/b9/94/sample-b994de109d3a9a1e1be32de1a28b7f7f.jpg","danbooru",""
"27P3CN","Izuku Midoriya","My Hero Academia","","https://cdn.donmai.us/sample/5c/0b/sample-5c0b4c3c7e8bc31b28087cbe9dc28b2c.jpg","danbooru",""
"BUA7ST","Katsuki Bakugou","My Hero Academia","","https://cdn.donmai.us/sample/f4/9e/sample-f49e8036f04e979ab538dfd9668a92cc.jpg","danbooru",""
"4GJEKS","Shouto Todoroki","My Hero Academia","","https://img4.gelbooru.com/images/0f/3c/0f3c7b7a539cc60aba86f6d4e6899711.jpg","gelbooru",""
"Z5N9XH","Hachiman Hikigaya","My Teen Romantic Comedy SNAFU","","https://cdn.donmai.us/original/1f/79/1f79012ec00b343924323e917dc8ee0a.png","danbooru",""
"AD3BTS","Yui Yuigahama","My Teen Romantic Comedy SNAFU","","https://cdn.donmai.us/sample/67/6a/sample-676a8c339cc32f627f0919bfe538a001.jpg","danbooru",""
"A2Y3KW","Yukino Yukinoshita","My Teen Romantic Comedy SNAFU","","https://cdn.donmai.us/sample/67/c4/sample-67c43a27956b0d18184f4cfd969db082.jpg","danbooru",""
"VLFKJ5","Itachi Uchiha","Naruto","","https://cdn.donmai.us/sample/b6/db/sample-b6db35c061bd0c197b7249750d6b410d.jpg","danbooru",""
"AVRTCM","Kakashi Hatake","Naruto","","https://cdn.donmai.us/sample/22/48/sample-2248c5b1bc1f086d8bed6ab24200ead8.jpg","danbooru",""
"LYK9XA","Naruto Uzumaki","Naruto","Naruto","https://cdn.donmai.us/sample/8b/47/sample-8b4753dddbb28b49a280ca3ec72a9a14.jpg","danbooru",""
"H94DY6","Sasuke Uchiha","Naruto","Sasuke","https://cdn.donmai.us/sample/fb/4b/sample-fb4be206955805226708d80cc794c7d9.jpg","danbooru",""
"BWPD34","Asuka Langley Souryuu","Neon Genesis Evangelion","","https://cdn.donmai.us/sample/e5/d1/sample-e5d1956b0e2c154566080819476d95f2.jpg","danbooru",""
"TX8S5Q","Rei Ayanami","Neon Genesis Evangelion","","https://cdn.donmai.us/sample/2a/71/sample-2a717afad91b643c3aa489db09b72e39.jpg","danbooru",""
"BRE3R2","Shinji Ikari","Neon Genesis Evangelion","","https://cdn.donmai.us/sample/c7/f6/sample-c7f6705604343d4530ec24ca5c64bd00.jpg","danbooru",""
"YJLUR4","Jibril","No Game, No Life","","https://cdn.donmai.us/sample/ca/c7/sample-cac74449f24944e05e6ff7088eb5d8d1.jpg","danbooru",""
"AK3RXJ","Shiro","No Game, No Life","","https://cdn.donmai.us/sample/6f/9e/sample-6f9e63f3054264a5a921b0473e0dc3b8.jpg","danbooru",""
"3DF4C3","Sora","No Game, No Life","","https://cdn.donmai.us/sample/12/40/sample-124032e08cf5120813f14223e4240e3e.jpg","danbooru",""
"QBMHKH","Hiyori Iki","Noragami","","https://cdn.donmai.us/sample/04/e5/sample-04e5f25e68150996e3a5d63c7af0aeed.jpg","danbooru",""
"V2CBBP","Yato","Noragami","","https://cdn.donmai.us/sample/5a/9f/sample-5a9f8eaf1868e691a30b76db87a2d113.jpg","danbooru",""
"LAZMDE","Yukine","Noragami","","https://cdn.donmai.us/sample/41/4a/sample-414a741006f026f0cd4c2fb9dbed5820.jpg","danbooru",""
"9KA588","Vinsmoke Sanji","ONE PIECE","Sanji","https://s4.anilist.co/file/anilistcdn/character/large/b305-6lisPmHtCnLT.png","anilist",""
"Y2UFQ1","Monkey D. Luffy","One Piece","Luffy","https://img4.gelbooru.com/images/a5/92/a592da2c953d06763cf11db5ed89b58f.jpg","gelbooru",""
"EROTZJ","Nami","One Piece","","https://cdn.donmai.us/sample/99/88/sample-9988a079f38862d0ce8c56cb3aba2fef.jpg","danbooru",""
"UFU7EF","Roronoa Zoro","One Piece","Zoro","https://cdn.donmai.us/sample/86/a2/sample-86a232e47aef6e67327cce66497b299f.jpg","danbooru",""
"VPU2SW","Genos","One-Punch Man","","https://cdn.donmai.us/sample/f6/bd/sample-f6bd8fe5e0da3aed930e1f80d81f5a1a.jpg","danbooru",""
"YX9KZB","Saitama","One-Punch Man","","https://cdn.donmai.us/sample/75/51/sample-755152b5c16d4b1c6d1a3eb6c7a82267.jpg","danbooru",""
"VUJY6A","Tatsumaki","One-Punch Man","","https://cdn.donmai.us/sample/85/61/sample-8561985e986e072fff162bcf4fec60f7.jpg","danbooru",""
"PJ4XPF","Ai Hoshino","Oshi no Ko","","https://cdn.donmai.us/sample/34/18/sample-3418d9e9e978133e2b7e98f7a2262240.jpg","danbooru",""
"52N6JQ","Akane Kurokawa","Oshi no Ko","","https://cdn.donmai.us/sample/5f/17/sample-5f1773c3f347812497e80eb1da81c016.jpg","danbooru",""
"PKWEJ2","Kana Arima","Oshi no Ko","","https://cdn.donmai.us/sample/ff/e8/sample-ffe8153281850d9ec1134770d6a67790.jpg","danbooru",""
"QIY9ZI","Ruby Hoshino","Oshi no Ko","","https://cdn.donmai.us/sample/e3/e0/sample-e3e0b375aec8d9ef81c9a9fe2891b80a.jpg","danbooru",""
"34PDHB","Ainz Ooal Gown","Overlord","Momonga","https://cdn.donmai.us/sample/e4/35/sample-e43583dedf589ec670fcd7c219cf2443.jpg","danbooru",""
"3P69X8","Albedo","Overlord","","https://cdn.donmai.us/sample/96/67/sample-96678985aec726c4167e74fc291bf202.jpg","danbooru",""
"H4TVGX","Shalltear Bloodfallen","Overlord","","https://cdn.donmai.us/sample/5b/24/sample-5b24ad81c2ac28c0fae148a723039bdf.jpg","danbooru",""
"2JN6SH","Akane Tsunemori","PSYCHO-PASS","","https://cdn.donmai.us/sample/36/ec/sample-36ec25b18ff8111521444c840505d016.jpg","danbooru",""
"3MYVQ7","Shinya Kougami","PSYCHO-PASS","","https://s4.anilist.co/file/anilistcdn/character/large/b68315-f9RBjyJCoj95.jpg","",""
"DES83S","Shougo Makishima","PSYCHO-PASS","","https://cdn.donmai.us/sample/de/1f/sample-de1fcc7dbf4495cb901b1194e72b67b5.jpg","danbooru",""
"M6PMD9","Kana Kimishima","Parasyte -the maxim-","","https://cdn.donmai.us/sample/36/71/sample-3671a74d907a8f96b89f7146cb28aead.jpg","danbooru",""
"69JTYR","Migi","Parasyte -the maxim-","","https://cdn.donmai.us/sample/73/2d/sample-732d34f2188fffe07cf35fcf4e48751e.jpg","danbooru",""
"37JTAW","Shinichi Izumi","Parasyte -the maxim-","","https://s4.anilist.co/file/anilistcdn/character/large/b12323-NAoqDYOn2RSo.png","",""
"JSU89J","Ashitaka","Princess Mononoke","","https://cdn.donmai.us/sample/31/44/sample-314462e1f7121769a8b3dcb5bcbd15a8.jpg","danbooru",""
"H4BJQV","Moro","Princess Mononoke","Moro no Kimi","https://cdn.donmai.us/sample/ee/46/sample-ee46bbc2ef0042b7519ec7d20fdfc303.jpg","danbooru",""
"AS5E3P","San","Princess Mononoke","","https://cdn.donmai.us/sample/6f/f6/sample-6ff68a35d4093171b997c1bed533f2ac.jpg","danbooru",""
"9SHQZX","Homura Akemi","Puella Magi Madoka Magica","","https://cdn.donmai.us/sample/5f/19/sample-5f194e0183d0d22c6ad7ac8cae725660.jpg","danbooru",""
"XXVN87","Kyouko Sakura","Puella Magi Madoka Magica","","https://img4.gelbooru.com/images/72/de/72de2b67aae124d9441b4d6ba6022424.jpg","gelbooru",""
"3S7QCH","Madoka Kaname","Puella Magi Madoka Magica","","https://cdn.donmai.us/sample/59/f4/sample-59f4981f5e6d28aa5b383b564a8cb044.jpg","danbooru",""
"JCDSMM","Mai Sakurajima","Rascal Does Not Dream of Bunny Girl Senpai","","https://cdn.donmai.us/sample/ad/03/sample-ad03f23fef6a98d9d4cfcc407c051c97.jpg","danbooru",""
"5VCTKU","Rio Futaba","Rascal Does Not Dream of Bunny Girl Senpai","","https://cdn.donmai.us/sample/2d/8d/sample-2d8d1bee31e639dc276fffab9503b7ba.jpg","danbooru",""
"3ZFVG5","Sakuta Azusagawa","Rascal Does Not Dream of Bunny Girl Senpai","","https://cdn.donmai.us/sample/a4/d1/sample-a4d164fdd3292dba8c805e1531d6a327.jpg","danbooru",""
"4NMGWX","Subaru Natsuki","Re:ZERO -Starting Life in Another World-","","https://cdn.donmai.us/sample/04/c7/sample-04c7976255acd45baf61aa10bcfb67d6.jpg","danbooru",""
"YBZM8Y","Beatrice","Re:Zero","","https://cdn.donmai.us/sample/64/2a/sample-642ac0f638366042cc633cc7931337bc.jpg","danbooru",""
"WRY79P","Emilia","Re:Zero","","https://cdn.donmai.us/sample/43/53/sample-43538ae46d221a6e6dee37711561c604.jpg","danbooru",""
"5Z5DXD","Rem","Re:Zero","","https://cdn.donmai.us/original/9d/f1/9df1993d5975d6ea8ceee76c396069c5.jpg","danbooru",""
"GUZ2NF","Chizuru Mizuhara","Rent-a-Girlfriend","Chizuru Ichinose","https://cdn.donmai.us/sample/d7/68/sample-d76885d9b88e75da3808be300487b580.jpg","danbooru",""
"7LN5QG","Mami Nanami","Rent-a-Girlfriend","","https://cdn.donmai.us/sample/f2/66/sample-f2667fd4c4051518ab053867ffdf98d8.jpg","danbooru",""
"HR8KVN","Sumi Sakurasawa","Rent-a-Girlfriend","","https://cdn.donmai.us/sample/b3/b8/sample-b3b8cdfe51bd29c274225f7196e90e87.jpg","danbooru",""
"5LHFFS","Guren Ichinose","Seraph of the End: Vampire Reign","","https://cdn.donmai.us/original/ff/ef/ffef967ae8c3ef8e6823654ce7def3af.jpg","danbooru",""
"CBBDM4","Mikaela Hyakuya","Seraph of the End: Vampire Reign","","https://cdn.donmai.us/sample/d7/e0/sample-d7e0c7e4fcdef0d8bd3e26650c8e299e.jpg","danbooru",""
"8S3355","Shinoa Hiiragi","Seraph of the End: Vampire Reign","","https://cdn.donmai.us/sample/fc/13/sample-fc13dcfa9e7d5a10b0dc11fcfef08bcf.jpg","danbooru",""
"VUAN3Z","Hae-In Cha","Solo Leveling","","https://s4.anilist.co/file/anilistcdn/character/large/b138789-AhE8m0LWjE7E.png","",""
"YU6Q3F","Jin-Woo Sung","Solo Leveling","Jin-U Seong","https://s4.anilist.co/file/anilistcdn/character/large/b129928-BCEjVaP0AQSw.png","anilist",""
"WQEWNP","Narrator","Solo Leveling","","https://cdn.donmai.us/sample/36/78/sample-36789361ce3e199b7b444defb97e6922.jpg","danbooru",""
"4T2GAA","Death the Kid","Soul Eater","","https://cdn.donmai.us/sample/14/26/sample-142674f400d0ea926016c7ec11d3d3d0.jpg","danbooru",""
"8W2ETE","Maka Albarn","Soul Eater","","https://cdn.donmai.us/sample/f6/cf/sample-f6cfe8c9f0a56ee63868d779438fff64.jpg","danbooru",""
"GZYQJX","Soul Eater Evans","Soul Eater","","https://s4.anilist.co/file/anilistcdn/character/large/b8456-GtNbISpXhkvd.png","",""
"PPKK6L","Chihiro Ogino","Spirited Away","","https://cdn.donmai.us/sample/79/3f/sample-793fe5623db70e63c73d037d73fb7fa7.jpg","danbooru",""
"RKQQK2","Nigihayami Kohaku Nushi","Spirited Away","Haku","https://s4.anilist.co/file/anilistcdn/character/large/b385-pKGCy3oYWxRa.png","anilist",""
"HEKWNN","No Face","Spirited Away","Kaonashi","https://img4.gelbooru.com/images/67/c1/67c18cfbb0457f851d082f7957065ace.jpg","gelbooru",""
"F3NZES","Anya Forger","Spy x Family","","https://s4.anilist.co/file/anilistcdn/character/large/b138100-4Li0tWRCa5bQ.png","",""
"SFC8C4","Loid Forger","Spy x Family","","https://img4.gelbooru.com/images/bb/2e/bb2ea74f3783834136098f74d5314fa0.jpg","gelbooru",""
"WDTT2H","Yor Forger","Spy x Family","","https://img4.gelbooru.com/images/5e/e3/5ee3f02b7a472b2d6b977d1a94bd2e4d.png","gelbooru",""
"RZBQ46","Kurisu Makise","Steins;Gate","","https://cdn.donmai.us/sample/e2/7d/sample-e27daf5ff6f8c4864b34a6986ef3ee95.jpg","danbooru",""
"QPD74V","Mayuri Shiina","Steins;Gate","","https://cdn.donmai.us/sample/4f/f0/sample-4ff0c3515ebeb09415445c4754e071a6.jpg","danbooru",""
"GPH9D3","Rintarou Okabe","Steins;Gate","","https://cdn.donmai.us/sample/c5/7c/sample-c57c310af0abe11c06df985f35ae9fc6.jpg","danbooru",""
"CBRR8S","Asuna Yuuki","Sword Art Online","Asuna","https://img4.gelbooru.com/images/09/74/09748b03b853b977c7b70f6d3b332c1f.jpg","gelbooru",""
"Y5RU4A","Kazuto Kirigaya","Sword Art Online","Kirito","https://cdn.donmai.us/sample/90/c3/sample-90c3eea7adc5a955fb7594afee8d16aa.jpg","danbooru",""
"XP2WYD","Yui","Sword Art Online","","https://cdn.donmai.us/sample/57/11/sample-5711d336180ae05a0b61ff2b7baa63a6.jpg","danbooru",""
"MA7TGW","Shino Asada","Sword Art Online II","","https://cdn.donmai.us/sample/94/da/sample-94da1eedf68f57bf24db45060b6ad421.jpg","danbooru",""
"5X62CZ","Kenjirou Shibasaki","Terror in Resonance","","https://s4.anilist.co/file/anilistcdn/character/large/88302.jpg","",""
"3T66XZ","Nine","Terror in Resonance","","https://cdn.donmai.us/original/3c/6d/3c6d5a29a0b9f015e122a2ecd1f12017.jpg","danbooru",""
"576A7X","Twelve","Terror in Resonance","","https://cdn.donmai.us/sample/55/e4/sample-55e4a9d55de6b5adc42fc5f3d9f0f730.jpg","danbooru",""
"XUTNSB","Milim Nava","That Time I Got Reincarnated as a Slime","","https://cdn.donmai.us/sample/a0/18/sample-a0184b78f56b7f68ca170bd1bef04094.jpg","danbooru",""
"0CPDTD","Rimuru Tempest","That Time I Got Reincarnated as a Slime","Slime","https://cdn.donmai.us/sample/48/9d/sample-489dea38d99ec71ec5e9e69d4181b622.jpg","danbooru",""
"BVZQDJ","Shion","That Time I Got Reincarnated as a Slime","","https://cdn.donmai.us/original/eb/88/eb88369edc461109176fbd951410dcbc.jpg","danbooru",""
"WGMLYF","Jinshi","The Apothecary Diaries","","https://cdn.donmai.us/sample/fe/78/sample-fe781e17658a718bc0af7ea777c80aa6.jpg","danbooru",""
"WUSV48","Maomao","The Apothecary Diaries","","https://cdn.donmai.us/sample/b6/26/sample-b6264bb0407c0d6f149e3af6a49e6e5c.jpg","danbooru",""
"WDJQ5C","Emilia Justina","The Devil is a Part-Timer!","","https://cdn.donmai.us/sample/78/dd/sample-78dd8a472c93bacc4efbec888848f933.jpg","danbooru",""
"2RG89H","Hanzo Urushihara","The Devil is a Part-Timer!","Lucifer","https://s4.anilist.co/file/anilistcdn/character/large/b83103-fksjOXqJCmxd.png","anilist",""
"48FYY4","Sadao Maou","The Devil is a Part-Timer!","Satan Jacob","https://cdn.donmai.us/sample/26/67/sample-26679272eef92002cea88ab7175f83cc.jpg","danbooru",""
"TA8DRU","Kusuo Saiki","The Disastrous Life of Saiki K.","","https://cdn.donmai.us/original/9a/16/9a160529f2631e22529f531e379db1d3.png","danbooru",""
"F54ABE","Shun Kaidou","The Disastrous Life of Saiki K.","","https://cdn.donmai.us/original/d2/67/d26746f8ecd06a386a1866f0a5807074.jpg","danbooru",""
"9ATKSD","Alpha","The Eminence in Shadow","","https://cdn.donmai.us/sample/66/26/sample-66266a335317c5578cabcabe8462ab87.jpg","danbooru",""
"95QVXF","Cid Kagenou","The Eminence in Shadow","","https://cdn.donmai.us/sample/72/be/sample-72bef3938b161e65e146afaf10e22c41.jpg","danbooru",""
"FU5UZN","Delta","The Eminence in Shadow","","https://cdn.donmai.us/sample/87/72/sample-877236c10c4c9affad60d1cb6b752824.jpg","danbooru",""
"GUTTX2","Yukari Yukino","The Garden of Words","","https://cdn.donmai.us/sample/48/64/sample-4864a8390cbb1af255e53c516244e7c7.jpg","danbooru",""
"UJVL9J","Han Dae-wi","The God of High School","Dae-Wi Han","https://s4.anilist.co/file/anilistcdn/character/large/b143291-E0gdqrvHUWiP.png","anilist",""
"FDWX6K","Jin Mori","The God of High School","Mo-Ri Jin","https://cdn.donmai.us/sample/0b/13/sample-0b131b53724d3598f3a7ab3f621f1848.jpg","danbooru",""
"YFKP5S","Yu Mi-ra","The God of High School","Mi-Ra Yu","https://s4.anilist.co/file/anilistcdn/character/large/b153293-qepIpM9aw3nw.png","anilist",""
"XDPKVM","Emma","The Promised Neverland","","https://cdn.donmai.us/original/67/14/6714089af971a345891bdd6be79846a8.png","danbooru",""
"C4M7A4","Norman","The Promised Neverland","","https://cdn.donmai.us/sample/f8/50/sample-f8504dc34a7eb09918ba3c45420f27c6.jpg","danbooru",""
"F2M2K4","Ray","The Promised Neverland","","https://cdn.donmai.us/sample/41/4c/sample-414c2d066d6a10c7084818737eaaa27b.jpg","danbooru",""
"YDCCJ7","Itsuki Nakano","The Quintessential Quintuplets","","https://cdn.donmai.us/sample/b1/a2/sample-b1a2e97ba46518b13a198031483c16a8.jpg","danbooru",""
"4VQPUE","Miku Nakano","The Quintessential Quintuplets","","https://cdn.donmai.us/sample/e6/fe/sample-e6fea180aeda129f778714a584d2a296.jpg","danbooru",""
"F6TP2V","Nino Nakano","The Quintessential Quintuplets","","https://cdn.donmai.us/sample/f5/aa/sample-f5aa543ab56744b0a82cc9934b855660.jpg","danbooru",""
"PGVL8C","Filo","The Rising of the Shield Hero","","https://cdn.donmai.us/sample/35/0b/sample-350b3485011b264affe740dd7daecc9f.jpg","danbooru",""
"X7T56N","Naofumi Iwatani","The Rising of the Shield Hero","","https://cdn.donmai.us/sample/b0/13/sample-b013552857e81d618d141814071de68a.jpg","danbooru",""
"8XSSUX","Raphtalia","The Rising of the Shield Hero","","https://cdn.donmai.us/sample/9d/9d/sample-9d9d395f4a16f1f6dfb1620747d645ba.jpg","danbooru",""
"UEC9AV","Ban","The Seven Deadly Sins","","https://cdn.donmai.us/original/2b/81/2b81ed12b6775e5fbc5a31896a6149f9.png","danbooru",""
"KF79SH","Harlequin","The Seven Deadly Sins","King","https://cdn.donmai.us/sample/b3/09/sample-b30933dfc6f0694330c84794ff6c0aee.jpg","danbooru",""
"98TP2R","Meliodas","The Seven Deadly Sins","","https://cdn.donmai.us/original/ff/01/ff01aaf49245740d4373092a459f3bff.jpg","danbooru",""
"KZD4BB","Fushi","To Your Eternity","","https://cdn.donmai.us/sample/65/01/sample-6501014e99ee9db87413422be5d8365a.jpg","danbooru",""
"NA9MXB","Gugu","To Your Eternity","","https://cdn.donmai.us/original/3a/de/3ade912c232d47a47a571713996cbd4f.jpg","danbooru",""
"Z3T7Z2","March","To Your Eternity","","https://cdn.donmai.us/sample/94/d3/sample-94d38d714acf3100e8d417c9f588da47.jpg","danbooru",""
"AGWTBU","Juuzou Suzuya","Tokyo Ghoul","","https://cdn.donmai.us/sample/80/19/sample-8019d805d7271d319acdb40333f73d28.jpg","danbooru",""
"ZRT9QU","Ken Kaneki","Tokyo Ghoul","","https://cdn.donmai.us/sample/d9/04/sample-d904206706d060fac32de9aa77180b66.jpg","danbooru",""
"XP9JQA","Touka Kirishima","Tokyo Ghoul","","https://cdn.donmai.us/sample/3e/d1/sample-3ed102164ae549bdb309298b2dd5d630.jpg","danbooru",""
"J2NQFU","Chifuyu Matsuno","Tokyo Revengers","","https://cdn.donmai.us/sample/e8/09/sample-e8090f1d0cc5dbd02be95e984e72eb77.jpg","danbooru",""
"ANMK6P","Ken Ryuuguji","Tokyo Revengers","","https://s4.anilist.co/file/anilistcdn/character/large/b145345-zyirrSsKIDCb.png","",""
"UG6JCE","Manjirou Sano","Tokyo Revengers","","https://cdn.donmai.us/sample/32/82/sample-328247ed263a7e94a7b403f3440af806.jpg","danbooru",""
"AEV7R3","Ami Kawashima","Toradora!","","https://cdn.donmai.us/sample/b0/99/sample-b099142e491408b0abb85e3c8aa77892.jpg","danbooru",""
"PKHNXD","Ryuuji Takasu","Toradora!","","https://cdn.donmai.us/sample/13/94/sample-139487e6683dbdc1b2fb138e8dce6fc0.jpg","danbooru",""
"ZLTV8H","Taiga Aisaka","Toradora!","","https://cdn.donmai.us/sample/c8/cb/sample-c8cb78b9a6e5681d128bb064e7e2ddbb.jpg","danbooru",""
"R8D8H6","Khun Aguero Agnis","Tower of God","Aguero Agnis Khun","https://cdn.donmai.us/sample/ec/f2/sample-ecf24b95b148b4b2d98af9281349be0d.jpg","danbooru",""
"P7ZNT2","Rak Wraithraiser","Tower of God","","https://cdn.donmai.us/sample/6a/22/sample-6a228d88e0b8048c769e6622bfc18c42.jpg","danbooru",""
"6UYPJ2","Twenty-Fifth Baam","Tower of God","","https://s4.anilist.co/file/anilistcdn/character/large/b84769-NaLHptr4KXKd.png","",""
"BHXC8N","Askeladd","Vinland Saga","","https://cdn.donmai.us/sample/ef/92/sample-ef9285c1268bcbdb2fd54a293c7b9340.jpg","danbooru",""
"RWEY59","Thorfinn Karlsefni","Vinland Saga","","https://s4.anilist.co/file/anilistcdn/character/large/b10138-zOPrka0ddZOR.png","",""
"LP3FWH","Thorkell","Vinland Saga","","https://cdn.donmai.us/sample/06/82/sample-0682355745e77a4529b7a1ee0e64cc74.jpg","danbooru",""
"KA9GRK","Benedict Blue","Violet Evergarden","","https://cdn.donmai.us/sample/07/df/sample-07df916b7e4205af75605baf5241ea55.jpg","danbooru",""
"69NJ7V","Gilbert Bougainvillea","Violet Evergarden","","https://cdn.donmai.us/sample/79/b1/sample-79b1ae9452c804adc54806a85cda4f04.jpg","danbooru",""
"WBWKFH","Violet Evergarden","Violet Evergarden","","https://cdn.donmai.us/sample/4d/f2/sample-4df2ac58e17f03ac71964967a01b5f52.jpg","danbooru",""
"J2E3WK","Hina Amano","Weathering With You","","https://cdn.donmai.us/sample/a9/5a/sample-a95a7655fa56773c06058008a57df47d.jpg","danbooru",""
"EQK9EF","Hanako Koyanagi","Wotakoi: Love is Hard for Otaku","","https://cdn.donmai.us/sample/12/22/sample-12220eeb1a6d2014e7572f01f52cc071.jpg","danbooru",""
"WADWHJ","Hirotaka Nifuji","Wotakoi: Love is Hard for Otaku","","https://cdn.donmai.us/original/56/9e/569e7d1873cab5c12870c2c18e3c37d2.jpg","danbooru",""
"K4WPQA","Narumi Momose","Wotakoi: Love is Hard for Otaku","","https://cdn.donmai.us/original/94/79/94793cd307e7450563090247e87d8096.jpg","danbooru",""
"WFFGGW","Kaori Miyazono","Your Lie in April","","https://s4.anilist.co/file/anilistcdn/character/large/b69411-lxM0FRvWHqlv.png","anilist",""
"2QDKY7","Kousei Arima","Your Lie in April","","https://cdn.donmai.us/original/ed/05/ed052ebe7804e1ca6ea20632a4c0399a.jpg","danbooru",""
"8JT87D","Ryouta Watari","Your Lie in April","","https://cdn.donmai.us/sample/e5/19/sample-e5195eed82b495ca4e5c9c01c1c421d8.jpg","danbooru",""
"XJVZM5","Mitsuha Miyamizu","Your Name.","","https://cdn.donmai.us/original/e9/51/e9515a93c6ee8574a0080636f3388018.gif","danbooru",""
"CLRW8P","Taki Tachibana","Your Name.","","https://cdn.donmai.us/sample/45/3f/sample-453fa8910765f493fcf9902a8a16db0c.jpg","danbooru",""
"YUP0FP","Yuri Plisetsky","Yuri on Ice","Fairy","https://cdn.donmai.us/sample/42/1a/sample-421aabe4c8c644a5657bd3fb2a9bfd06.jpg","danbooru",""
